Symbol,Name,LastSale,MarketCap,ADR TSO,IPOyear,Sector,Industry,Summary Quote,Unnamed: 9
XXII,"22nd Century Group, Inc",2.12,266407544.32,,,Consumer Non-Durables,Farming/Seeds/Milling,https://old.nasdaq.com/symbol/xxii,
FAX,Aberdeen Asia-Pacific Income Fund Inc,4.22,1047862346.86,,1986.0,,,https://old.nasdaq.com/symbol/fax,
IAF,Aberdeen Australia Equity Fund Inc,5.06,115076169.56,,,,,https://old.nasdaq.com/symbol/iaf,
AEF,"Aberdeen Emerging Markets Equity Income Fund, Inc.",6.96,353232374.88,,,,,https://old.nasdaq.com/symbol/aef,
FCO,"Aberdeen Global Income Fund, Inc.",7.83,68315097.87,,1992.0,,,https://old.nasdaq.com/symbol/fco,
ACU,Acme United Corporation.,20.08,67310770.4,,1988.0,Capital Goods,Industrial Machinery/Components,https://old.nasdaq.com/symbol/acu,
ATNM,"Actinium Pharmaceuticals, Inc.",0.2126,34531682.56,,,Health Care,Major Pharmaceuticals,https://old.nasdaq.com/symbol/atnm,
AE,"Adams Resources & Energy, Inc.",29.7,125737533.9,,,Energy,Oil Refining/Marketing,https://old.nasdaq.com/symbol/ae,
ACY,AeroCentury Corp.,5.6785,8778302.294,,,Technology,Diversified Commercial Services,https://old.nasdaq.com/symbol/acy,
UAVS,"AgEagle Aerial Systems, Inc.",0.35,5311037.9,,,Capital Goods,Aerospace,https://old.nasdaq.com/symbol/uavs,
AGE,"AgeX Therapeutics, Inc.",1.63,61336900.0,,2018.0,Health Care,Major Pharmaceuticals,https://old.nasdaq.com/symbol/age,
AIRI,Air Industries Group,1.2,34738099.2,,,Capital Goods,Military/Government/Technical,https://old.nasdaq.com/symbol/airi,
AXU,Alexco Resource Corp,1.73,204373555.19,,,Basic Industries,Precious Metals,https://old.nasdaq.com/symbol/axu,
ALO,Alio Gold Inc.,0.61,51671357.23,,2011.0,Basic Industries,Precious Metals,https://old.nasdaq.com/symbol/alo,
AAU,"Almaden Minerals, Ltd.",0.6911,77214335.5009,,2015.0,Basic Industries,Precious Metals,https://old.nasdaq.com/symbol/aau,
APT,"Alpha Pro Tech, Ltd.",3.53,46309536.97,,,Health Care,Industrial Specialties,https://old.nasdaq.com/symbol/apt,
AAMC,Altisource Asset Management Corp,10.7201,17052881.1539,,,Finance,Real Estate,https://old.nasdaq.com/symbol/aamc,
AMBO,Ambow Education Holding Ltd.,1.5,32634334.5,,,Consumer Services,Other Consumer Services,https://old.nasdaq.com/symbol/ambo,
DIT,AMCON Distributing Company,76.255,45201447.585,,,Consumer Non-Durables,Food Distributors,https://old.nasdaq.com/symbol/dit,
AMS,American Shared Hospital Services,2.47,14365520.0,,,Health Care,Medical Specialities,https://old.nasdaq.com/symbol/ams,
USAS,Americas Gold and Silver Corporation,2.9,239272135.7,,2017.0,Basic Industries,Precious Metals,https://old.nasdaq.com/symbol/usas,
AMPE,"Ampio Pharmaceuticals, Inc.",0.4705,66908799.071,,,Health Care,Major Pharmaceuticals,https://old.nasdaq.com/symbol/ampe,
ARNC^,Arconic Inc.,89.0,0.0,,,,,https://old.nasdaq.com/symbol/arnc^,
ARMP,"Armata Pharmaceuticals, Inc.",3.75,37344547.5,,,Health Care,Biotechnology: Biological Products (No Diagnostic Substances),https://old.nasdaq.com/symbol/armp,
AKG,Asanko Gold Inc.,1.0002,225849774.9228,,,Basic Industries,Mining & Quarrying of Nonmetallic Minerals (No Fuels),https://old.nasdaq.com/symbol/akg,
AINC,Ashford Inc.,27.59,72117059.56,,2014.0,Consumer Services,Professional Services,https://old.nasdaq.com/symbol/ainc,
AUG,Auryn Resources Inc.,1.2,114218880.0,,,Basic Industries,Precious Metals,https://old.nasdaq.com/symbol/aug,
AWX,Avalon Holdings Corporation,2.1744,8426737.1664,,,Public Utilities,Environmental Services,https://old.nasdaq.com/symbol/awx,
ASM,Avino Silver,0.5658,43016149.5882,,,Basic Industries,Precious Metals,https://old.nasdaq.com/symbol/asm,
BTG,B2Gold Corp,3.32,3402644447.92,,,Basic Industries,Precious Metals,https://old.nasdaq.com/symbol/btg,
BTN,"Ballantyne Strong, Inc",2.77,40216954.12,,,Miscellaneous,Industrial Machinery/Components,https://old.nasdaq.com/symbol/btn,
BKJ,"Bancorp of New Jersey, Inc",16.6,121075370.2,,,Finance,Major Banks,https://old.nasdaq.com/symbol/bkj,
BCV,Bancroft Fund Limited,22.6,118768763.0,,,,,https://old.nasdaq.com/symbol/bcv,
BCV^A,Bancroft Fund Limited,25.7,0.0,,,,,https://old.nasdaq.com/symbol/bcv^a,
BHB,"Bar Harbor Bankshares, Inc.",24.77,385068376.12,,,Finance,Major Banks,https://old.nasdaq.com/symbol/bhb,
BRN,"Barnwell Industries, Inc.",0.485,4014422.6,,,Energy,Oil & Gas Production,https://old.nasdaq.com/symbol/brn,
BGSF,BG Staffing Inc,19.48,199372306.64,,,Technology,Professional Services,https://old.nasdaq.com/symbol/bgsf,
BIOX,Bioceres Crop Solutions Corp.,6.4491,232944826.1847,,2018.0,Basic Industries,Agricultural Chemicals,https://old.nasdaq.com/symbol/biox,
BIOX.WS,Bioceres Crop Solutions Corp.,,0.0,,,,,https://old.nasdaq.com/symbol/biox.ws,
BPMX,BioPharmX Corporation,0.3334,4730140.1722,,2015.0,Health Care,Major Pharmaceuticals,https://old.nasdaq.com/symbol/bpmx,
BGI,Birks Group Inc.,0.9454,16980216.8974,,,Consumer Services,Consumer Specialties,https://old.nasdaq.com/symbol/bgi,
BKTI,BK Technologies Corporation,3.23,41059624.34,,,Technology,Radio And Television Broadcasting And Communications Equipment,https://old.nasdaq.com/symbol/bkti,
BDR,"Blonder Tongue Laboratories, Inc.",0.66,6350332.56,,,Technology,Radio And Television Broadcasting And Communications Equipment,https://old.nasdaq.com/symbol/bdr,
BRG,"Bluerock Residential Growth REIT, Inc.",11.86,265590384.98,,2014.0,Consumer Services,Real Estate Investment Trusts,https://old.nasdaq.com/symbol/brg,
BRG^A,"Bluerock Residential Growth REIT, Inc.",26.5,0.0,,,,,https://old.nasdaq.com/symbol/brg^a,
BRG^C,"Bluerock Residential Growth REIT, Inc.",26.26,0.0,,,,,https://old.nasdaq.com/symbol/brg^c,
BRG^D,"Bluerock Residential Growth REIT, Inc.",25.99,0.0,,,,,https://old.nasdaq.com/symbol/brg^d,
DMF,BNY Mellon Municipal Income Inc.,9.3494,193965279.5814,,1988.0,,,https://old.nasdaq.com/symbol/dmf,
BWL.A,"Bowl America, Inc.",,0.0,,,,,https://old.nasdaq.com/symbol/bwl.a,
CMCL,Caledonia Mining Corporation Plc,7.0864,76178119.7056,,,Basic Industries,Precious Metals,https://old.nasdaq.com/symbol/cmcl,
CEI,"Camber Energy, Inc.",0.149,7276418.576,,,Energy,Oil & Gas Production,https://old.nasdaq.com/symbol/cei,
CANF,Can-Fite Biopharma Ltd,2.0,6666666.0,,,Health Care,Major Pharmaceuticals,https://old.nasdaq.com/symbol/canf,
ROX,"Castle Brands, Inc.",1.26,214668937.98,,2006.0,Consumer Non-Durables,Beverages (Production/Distribution),https://old.nasdaq.com/symbol/rox,
YCBD,"cbdMD, Inc.",3.69,102288113.64,,2017.0,Consumer Non-Durables,Package Goods/Cosmetics,https://old.nasdaq.com/symbol/ycbd,
CVM,Cel-Sci Corporation,9.22,320904856.78,,,Health Care,Biotechnology: Biological Products (No Diagnostic Substances),https://old.nasdaq.com/symbol/cvm,
CET,Central Securities Corporation,31.24,796078485.84,,,,,https://old.nasdaq.com/symbol/cet,
LEU,Centrus Energy Corp.,4.45,42085381.05,,2014.0,Basic Industries,Mining & Quarrying of Nonmetallic Minerals (No Fuels),https://old.nasdaq.com/symbol/leu,
CHAC,Chardan Healthcare Acquisition Corp.,10.0987,88363625.0,,2019.0,Finance,Business Services,https://old.nasdaq.com/symbol/chac,
CHAC.U,Chardan Healthcare Acquisition Corp.,,0.0,,2018.0,,,https://old.nasdaq.com/symbol/chac.u,
CHAC.WS,Chardan Healthcare Acquisition Corp.,,0.0,,,,,https://old.nasdaq.com/symbol/chac.ws,
CCF,Chase Corporation,103.95,978410975.85,,,Consumer Durables,Building Products,https://old.nasdaq.com/symbol/ccf,
CQP,"Cheniere Energy Partners, LP",44.82,21693356122.86,,2007.0,Public Utilities,Oil/Gas Transmission,https://old.nasdaq.com/symbol/cqp,
LNG,"Cheniere Energy, Inc.",61.5,15791968954.5,,,Public Utilities,Oil/Gas Transmission,https://old.nasdaq.com/symbol/lng,
CVR,Chicago Rivet & Machine Co.,26.38,25486562.16,,,Technology,Industrial Machinery/Components,https://old.nasdaq.com/symbol/cvr,
CPHI,"China Pharma Holdings, Inc.",0.2518,10973332.4526,,,Health Care,Major Pharmaceuticals,https://old.nasdaq.com/symbol/cphi,
CKX,"CKX Lands, Inc.",9.9902,19405913.549000002,,,Energy,Oil & Gas Production,https://old.nasdaq.com/symbol/ckx,
CCC.WS,Clarivate Analytics Plc,,0.0,,,,,https://old.nasdaq.com/symbol/ccc.ws,
GLV,Clough Global Dividend and Income Fund,10.94,91980500.56,,2004.0,,,https://old.nasdaq.com/symbol/glv,
GLQ,Clough Global Equity Fund,11.32,124810822.12,,2005.0,,,https://old.nasdaq.com/symbol/glq,
GLO,Clough Global Opportunities Fund,9.06,291953172.72,,2006.0,,,https://old.nasdaq.com/symbol/glo,
COHN,Cohen & Company Inc.,4.1,4992258.4,,,Finance,Investment Bankers/Brokers/Service,https://old.nasdaq.com/symbol/cohn,
CIX,CompX International Inc.,13.7085,170575646.8845,,1998.0,Capital Goods,Industrial Machinery/Components,https://old.nasdaq.com/symbol/cix,
LODE,"Comstock Mining, Inc.",0.1015,11797365.6045,,,Basic Industries,Precious Metals,https://old.nasdaq.com/symbol/lode,
CDOR,"Condor Hospitality Trust, Inc.",11.05,131666098.2,,,Consumer Services,Real Estate Investment Trusts,https://old.nasdaq.com/symbol/cdor,
CTO,Consolidated-Tomoka Land Co.,64.64,318528337.92,,,Finance,Real Estate,https://old.nasdaq.com/symbol/cto,
MCF,Contango Oil & Gas Company,2.45,210367934.35,,,Energy,Oil & Gas Production,https://old.nasdaq.com/symbol/mcf,
CUO,Continental Materials Corporation,10.1801,17430010.9165,,,Capital Goods,Building Materials,https://old.nasdaq.com/symbol/cuo,
CMT,Core Molding Technologies Inc,6.11,50524078.8,,,Consumer Non-Durables,Plastic Products,https://old.nasdaq.com/symbol/cmt,
CVRS,"Corindus Vascular Robotics, Inc.",4.27,891086713.51,,2015.0,Health Care,Medical/Dental Instruments,https://old.nasdaq.com/symbol/cvrs,
CRMD,CorMedix Inc.,5.92,177993916.8,,,Health Care,Major Pharmaceuticals,https://old.nasdaq.com/symbol/crmd,
CRF,"Cornerstone Strategic Return Fund, Inc. (The)",11.03,423152283.83,,,,,https://old.nasdaq.com/symbol/crf,
CLM,"Cornerstone Strategic Value Fund, Inc.",11.33,822370862.39,,1987.0,,,https://old.nasdaq.com/symbol/clm,
CVU,"CPI Aerostructures, Inc.",8.0,94712528.0,,,Capital Goods,Military/Government/Technical,https://old.nasdaq.com/symbol/cvu,
CIK,"Credit Suisse Asset Management Income Fund, Inc.",3.12,163191378.48,,,,,https://old.nasdaq.com/symbol/cik,
DHY,Credit Suisse High Yield Bond Fund,2.51,259729205.21,,1998.0,,,https://old.nasdaq.com/symbol/dhy,
CRHM,CRH Medical Corporation,3.09,222584621.22,,2015.0,Health Care,Medical/Nursing Services,https://old.nasdaq.com/symbol/crhm,
CTEK,"CynergisTek, Inc.",3.04,29777246.88,,2017.0,Miscellaneous,Business Services,https://old.nasdaq.com/symbol/ctek,
DXR,Daxor Corporation,9.7,36344522.6,,,Health Care,Medical/Dental Instruments,https://old.nasdaq.com/symbol/dxr,
VCF,"Delaware Investments Colorado Municipal Income Fund, Inc",14.74,71298854.0,,1993.0,,,https://old.nasdaq.com/symbol/vcf,
VFL,Delaware Investments Florida Insured Municipal Income Fund,13.44,60862287.36,,1993.0,,,https://old.nasdaq.com/symbol/vfl,
VMM,"Delaware Investments Minnesota Municipal Income Fund II, Inc.",13.11,150830222.25,,1993.0,,,https://old.nasdaq.com/symbol/vmm,
DLA,"Delta Apparel, Inc.",23.51,162722513.67,,,Consumer Non-Durables,Apparel,https://old.nasdaq.com/symbol/dla,
DNN,Denison Mine Corp,0.4716,278346049.9956,,,Basic Industries,Precious Metals,https://old.nasdaq.com/symbol/dnn,
DGSE,"DGSE Companies, Inc.",1.16,31232281.96,,,Consumer Services,Consumer Specialties,https://old.nasdaq.com/symbol/dgse,
DSS,"Document Security Systems, Inc.",0.3404,10117337.1428,,,Consumer Durables,Containers/Packaging,https://old.nasdaq.com/symbol/dss,
DPW,"DPW Holdings, Inc.",1.92,2255026.56,,,Capital Goods,Industrial Machinery/Components,https://old.nasdaq.com/symbol/dpw,
DXF,Dunxin Financial Holdings Limited,1.44,30025863.36,,,Finance,Finance: Consumer Services,https://old.nasdaq.com/symbol/dxf,
GRF,"Eagle Capital Growth Fund, Inc.",8.0155,31201992.9585,,,,,https://old.nasdaq.com/symbol/grf,
EVM,Eaton Vance California Municipal Bond Fund,11.38,243467680.24,,2002.0,,,https://old.nasdaq.com/symbol/evm,
CEV,Eaton Vance California Municipal Income Trust,13.59,96945284.25,,1999.0,,,https://old.nasdaq.com/symbol/cev,
EVV,Eaton Vance Limited Duration Income Fund,12.59,1462290956.62,,2003.0,,,https://old.nasdaq.com/symbol/evv,
EIM,Eaton Vance Municipal Bond Fund,12.99,1048637494.8,,2002.0,,,https://old.nasdaq.com/symbol/eim,
ENX,Eaton Vance New York Municipal Bond Fund,12.34,223579747.96,,2002.0,,,https://old.nasdaq.com/symbol/enx,
EVY,Eaton Vance New York Municipal Income Trust,13.37,72769580.87,,1999.0,,,https://old.nasdaq.com/symbol/evy,
ELMD,"Electromed, Inc.",6.33,53462236.83,,2011.0,Health Care,Biotechnology: Electromedical & Electrotherapeutic Apparatus,https://old.nasdaq.com/symbol/elmd,
ELLO,Ellomay Capital Ltd.,11.366,121378582.404,,,Public Utilities,Electric Utilities: Central,https://old.nasdaq.com/symbol/ello,
ECF,Ellsworth Growth and Income Fund Ltd.,10.27,133747925.09,,1986.0,,,https://old.nasdaq.com/symbol/ecf,
ECF^A,Ellsworth Growth and Income Fund Ltd.,25.47,0.0,,,,,https://old.nasdaq.com/symbol/ecf^a,
EMAN,eMagin Corporation,0.3545,17432102.5285,,,Technology,Semiconductors,https://old.nasdaq.com/symbol/eman,
MSN,Emerson Radio Corporation,1.0,21042652.0,,,Consumer Non-Durables,Consumer Electronics/Appliances,https://old.nasdaq.com/symbol/msn,
EMX,EMX Royalty Corporation,1.37,112812321.2,,,Basic Industries,Precious Metals,https://old.nasdaq.com/symbol/emx,
UUUU,Energy Fuels Inc,1.93,187774812.57,,,Basic Industries,Mining & Quarrying of Nonmetallic Minerals (No Fuels),https://old.nasdaq.com/symbol/uuuu,
UUUU.WS,Energy Fuels Inc,,0.0,,,,,https://old.nasdaq.com/symbol/uuuu.ws,
ENSV,ENSERVCO Corporation,0.2401,13387454.7429,,,Energy,Oilfield Services/Equipment,https://old.nasdaq.com/symbol/ensv,
EQX,Equinox Gold Corp.,5.47,620306735.59,,,Basic Industries,Precious Metals,https://old.nasdaq.com/symbol/eqx,
ESP,Espey Mfg. & Electronics Corp.,23.62,56716651.06,,,Capital Goods,Industrial Machinery/Components,https://old.nasdaq.com/symbol/esp,
EVBN,"Evans Bancorp, Inc.",36.04,177305339.28,,,Finance,Major Banks,https://old.nasdaq.com/symbol/evbn,
EVI,"EVI Industries, Inc.",33.75,397903421.25,,,Consumer Services,Other Consumer Services,https://old.nasdaq.com/symbol/evi,
EPM,"Evolution Petroleum Corporation, Inc.",5.63,186154807.11,,,Energy,Oil & Gas Production,https://old.nasdaq.com/symbol/epm,
FEN,First Trust Energy Income and Growth Fund,22.51,450095553.6,,2004.0,,,https://old.nasdaq.com/symbol/fen,
BDL,"Flanigan&#39;s Enterprises, Inc.",21.953000000000003,40802877.591,,,Consumer Services,Restaurants,https://old.nasdaq.com/symbol/bdl,
FSI,Flexible Solutions International Inc.,2.44,29559489.8,,,Basic Industries,Major Chemicals,https://old.nasdaq.com/symbol/fsi,
FTF,Franklin Limited Duration Income Trust,9.26,279085612.1,,2003.0,,,https://old.nasdaq.com/symbol/ftf,
FSP,Franklin Street Properties Corp.,8.55,916826375.25,,,Consumer Services,Real Estate Investment Trusts,https://old.nasdaq.com/symbol/fsp,
FRD,Friedman Industries Inc.,6.39,44726447.16,,,Capital Goods,Steel/Iron Ore,https://old.nasdaq.com/symbol/frd,
FTNW,"FTE Networks, Inc.",0.45,11736083.25,,,Public Utilities,Telecommunications Equipment,https://old.nasdaq.com/symbol/ftnw,
GGN,"GAMCO Global Gold, Natural Reources & Income Trust ",4.31,601968730.89,,2005.0,,,https://old.nasdaq.com/symbol/ggn,
GGN^B,"GAMCO Global Gold, Natural Reources & Income Trust ",24.83,0.0,,,,,https://old.nasdaq.com/symbol/ggn^b,
JOB,GEE Group Inc.,0.68,8526119.48,,,Technology,Diversified Commercial Services,https://old.nasdaq.com/symbol/job,
GMO,"General Moly, Inc",0.24100000000000002,28996849.356999997,,,Basic Industries,Precious Metals,https://old.nasdaq.com/symbol/gmo,
GSB,"GlobalSCAPE, Inc.",11.47,198720066.94,,,Technology,Computer Software: Prepackaged Software,https://old.nasdaq.com/symbol/gsb,
GSAT,"Globalstar, Inc.",0.3759,545735779.3335,,2006.0,Consumer Services,Telecommunications Equipment,https://old.nasdaq.com/symbol/gsat,
GLOW,"Glowpoint, Inc.",1.0,5139956.0,,,Public Utilities,Telecommunications Equipment,https://old.nasdaq.com/symbol/glow,
GORO,Gold Resource Corporation,3.41,223645774.11,,,Basic Industries,Precious Metals,https://old.nasdaq.com/symbol/goro,
GSV,Gold Standard Ventures Corporation,0.8107,224931054.6802,,,Basic Industries,Mining & Quarrying of Nonmetallic Minerals (No Fuels),https://old.nasdaq.com/symbol/gsv,
AUMN,Golden Minerals Company,0.242,25627141.518000003,,,Basic Industries,Precious Metals,https://old.nasdaq.com/symbol/aumn,
GSS,"Golden Star Resources, Ltd",2.92,317891672.12,,,Basic Industries,Precious Metals,https://old.nasdaq.com/symbol/gss,
GV,Goldfield Corporation (The),2.2,53949574.8,,,Basic Industries,Water Supply,https://old.nasdaq.com/symbol/gv,
GDP,Goodrich Petroleum Corporation,9.6,118115692.8,,2017.0,Energy,Oil & Gas Production,https://old.nasdaq.com/symbol/gdp,
GTE,Gran Tierra Energy Inc.,1.11,422881924.77,,,Energy,Oil & Gas Production,https://old.nasdaq.com/symbol/gte,
GPL,Great Panther Mining Limited,0.7009,218234863.5894,,,Basic Industries,Precious Metals,https://old.nasdaq.com/symbol/gpl,
SIM,"Grupo Simec, S.A. de C.V.",9.49,1562393058.72,,1993.0,Basic Industries,Steel/Iron Ore,https://old.nasdaq.com/symbol/sim,
AIM,"Hemispherx BioPharma, Inc.",0.59,2855116.79,,,Health Care,Biotechnology: Biological Products (No Diagnostic Substances),https://old.nasdaq.com/symbol/aim,
HLM^,Hillman Group Capital Trust,34.8,0.0,,,,,https://old.nasdaq.com/symbol/hlm^,
HMG,"HMG/Courtland Properties, Inc.",13.17,13345055.64,,,Consumer Services,Real Estate Investment Trusts,https://old.nasdaq.com/symbol/hmg,
HUSA,Houston American Energy Corporation,0.1837,11557008.6148,,,Energy,Oil & Gas Production,https://old.nasdaq.com/symbol/husa,
IBIO,"iBio, Inc.",0.5412,13071308.646,,,Health Care,Major Pharmaceuticals,https://old.nasdaq.com/symbol/ibio,
IBO,IBO (Listing Market - NYSE Amex Network B F),24.84,0.0,,,,,https://old.nasdaq.com/symbol/ibo,
IEC,IEC Electronics Corp.,6.65,68724976.95,,,Technology,Electrical Products,https://old.nasdaq.com/symbol/iec,
IMH,"Impac Mortgage Holdings, Inc.",7.75,164155516.75,,1997.0,Consumer Services,Real Estate Investment Trusts,https://old.nasdaq.com/symbol/imh,
IMO,Imperial Oil Limited,24.88,18810951761.84,,,Energy,Integrated oil Companies,https://old.nasdaq.com/symbol/imo,
IOR,"Income Opportunity Realty Investors, Inc.",11.55,48142871.7,,,Consumer Services,Real Estate Investment Trusts,https://old.nasdaq.com/symbol/ior,
IGC,India Globalization Capital Inc.,0.935,36943165.545,,,Technology,Electronic Components,https://old.nasdaq.com/symbol/igc,
INFU,"InfuSystems Holdings, Inc.",6.35,125619179.8,,,Health Care,Medical/Dental Instruments,https://old.nasdaq.com/symbol/infu,
IHT,InnSuites Hospitality Trust,1.6,14902544.0,,,Consumer Services,Real Estate Investment Trusts,https://old.nasdaq.com/symbol/iht,
NSPR,InspireMD Inc.,1.21,2345307.91,,,Health Care,Medical/Dental Instruments,https://old.nasdaq.com/symbol/nspr,
NSPR.WS,InspireMD Inc.,,0.0,,,,,https://old.nasdaq.com/symbol/nspr.ws,
NSPR.WS.B,InspireMD Inc.,,0.0,,,,,https://old.nasdaq.com/symbol/nspr.ws.b,
IDN,"Intellicheck, Inc.",4.82,76547104.44,,1999.0,Technology,Computer Software: Prepackaged Software,https://old.nasdaq.com/symbol/idn,
INS,Intelligent Systems Corporation,46.3,409800744.4,,1992.0,Technology,Computer Software: Prepackaged Software,https://old.nasdaq.com/symbol/ins,
THM,International Tower Hill Mines Ltd,0.5776,108342552.3696,,,Basic Industries,Precious Metals,https://old.nasdaq.com/symbol/thm,
INTT,inTest Corporation,4.56,48382571.28,,1997.0,Capital Goods,Electrical Products,https://old.nasdaq.com/symbol/intt,
INUV,"Inuvo, Inc",0.31,15177396.95,,,Consumer Services,Advertising,https://old.nasdaq.com/symbol/inuv,
VKI,Invesco Advantage Municipal Income Trust II,11.3,501624526.3,,,,,https://old.nasdaq.com/symbol/vki,
ISR,"IsoRay, Inc.",0.3201,21570913.8447,,,Health Care,Medical/Dental Instruments,https://old.nasdaq.com/symbol/isr,
ISDR,Issuer Direct Corporation,10.19,39359567.92,,,Miscellaneous,Publishing,https://old.nasdaq.com/symbol/isdr,
ITP,"IT Tech Packaging, Inc.",0.56,12350696.96,,,Consumer Durables,Containers/Packaging,https://old.nasdaq.com/symbol/itp,
KIQ,Kelso Technologies Inc,0.7249,34193595.3414,,,Capital Goods,Railroads,https://old.nasdaq.com/symbol/kiq,
LTS,Ladenburg Thalmann Financial Services Inc,2.1,311955777.0,,,Finance,Investment Bankers/Brokers/Service,https://old.nasdaq.com/symbol/lts,
LTS^A,Ladenburg Thalmann Financial Services Inc,24.75,0.0,,,,,https://old.nasdaq.com/symbol/lts^a,
LTSH,Ladenburg Thalmann Financial Services Inc,26.05,0.0,,2019.0,,,https://old.nasdaq.com/symbol/ltsh,
LTSK,Ladenburg Thalmann Financial Services Inc,25.4,0.0,,2018.0,Finance,Investment Bankers/Brokers/Service,https://old.nasdaq.com/symbol/ltsk,
LTSL,Ladenburg Thalmann Financial Services Inc,24.24,0.0,,2017.0,Finance,Investment Bankers/Brokers/Service,https://old.nasdaq.com/symbol/ltsl,
LTSF,Ladenburg Thalmann Financial Services Inc.,24.805999999999997,0.0,,2018.0,Finance,Investment Bankers/Brokers/Service,https://old.nasdaq.com/symbol/ltsf,
LGL,"LGL Group, Inc. (The)",10.01,49185916.78,,,Capital Goods,Industrial Machinery/Components,https://old.nasdaq.com/symbol/lgl,
LBY,"Libbey, Inc.",2.73,61008664.08,,1993.0,Capital Goods,Industrial Machinery/Components,https://old.nasdaq.com/symbol/lby,
LLEX,"Lilis Energy, Inc.",0.33,30318217.05,,,Energy,Oil & Gas Production,https://old.nasdaq.com/symbol/llex,
LCTX,"Lineage Cell Therapeutics, Inc.",0.9606,143746932.2766,,,Health Care,Biotechnology: Biological Products (No Diagnostic Substances),https://old.nasdaq.com/symbol/lctx,
MAG,MAG Silver Corporation,10.54,910492651.08,,,Basic Industries,Precious Metals,https://old.nasdaq.com/symbol/mag,
MHH,"Mastech Digital, Inc",5.69,62778708.85,,,Consumer Services,Professional Services,https://old.nasdaq.com/symbol/mhh,
MTNB,"Matinas Biopharma Holdings, Inc.",0.7,113698734.1,,2017.0,Health Care,Major Pharmaceuticals,https://old.nasdaq.com/symbol/mtnb,
MMX,Maverix Metals Inc.,4.0816,440601952.7072,,,Basic Industries,Precious Metals,https://old.nasdaq.com/symbol/mmx,
MNI,McClatchy Company (The),2.92,23147032.72,,1988.0,Consumer Services,Newspapers/Magazines,https://old.nasdaq.com/symbol/mni,
IPB,"Merrill Lynch & Co., Inc. 6.0518% Index Plus Trust Certificate",28.54,0.0,,,Finance,Finance: Consumer Services,https://old.nasdaq.com/symbol/ipb,
MXC,Mexco Energy Corporation,4.01,8181065.66,,,Energy,Oil & Gas Production,https://old.nasdaq.com/symbol/mxc,
MICR,"Micron Solutions, Inc.",2.15,6198856.35,,,Health Care,Biotechnology: Electromedical & Electrotherapeutic Apparatus,https://old.nasdaq.com/symbol/micr,
MLSS,"Milestone Scientific, Inc.",0.8529,40504353.1995,,2015.0,Health Care,Industrial Specialties,https://old.nasdaq.com/symbol/mlss,
MRIC,"MRI Interventions, Inc.",4.11,57532314.3,,,Health Care,Medical/Dental Instruments,https://old.nasdaq.com/symbol/mric,
MYO,Myomo Inc.,0.5953,10203243.1698,,2017.0,Health Care,Industrial Specialties,https://old.nasdaq.com/symbol/myo,
NNVC,"NanoViricides, Inc.",1.76,6767060.96,,,Health Care,Biotechnology: Commercial Physical & Biological Resarch,https://old.nasdaq.com/symbol/nnvc,
ATEST,NASDAQ TEST STOCK,25.0,0.0,,,,,https://old.nasdaq.com/symbol/atest,
ATEST.A,NASDAQ TEST STOCK,,0.0,,,,,https://old.nasdaq.com/symbol/atest.a,
ATEST.B,NASDAQ TEST STOCK,,0.0,,,,,https://old.nasdaq.com/symbol/atest.b,
ATEST.C,NASDAQ TEST STOCK,,0.0,,,,,https://old.nasdaq.com/symbol/atest.c,
NHC,National HealthCare Corporation,79.78,1222133066.2,,,Health Care,Hospital/Nursing Management,https://old.nasdaq.com/symbol/nhc,
NAVB,"Navidea Biopharmaceuticals, Inc.",0.6759,12206352.5154,,,Health Care,Biotechnology: In Vitro & In Vivo Diagnostic Substances,https://old.nasdaq.com/symbol/navb,
NTIP,"Network-1 Technologies, Inc.",2.24,54111675.52,,,Miscellaneous,Multi-Sector Companies,https://old.nasdaq.com/symbol/ntip,
NBW,Neuberger Berman California Municipal Fund Inc,14.05,77992168.2,,2002.0,,,https://old.nasdaq.com/symbol/nbw,
NHS,Neuberger Berman High Yield Strategies Fund,11.98,234096208.3,,,,,https://old.nasdaq.com/symbol/nhs,
NML,Neuberger Berman MLP and Energy Income Fund Inc.,6.95,393779549.6,,2013.0,,,https://old.nasdaq.com/symbol/nml,
NBH,Neuberger Berman Municipal Fund Inc.,15.56,292590831.28,,2002.0,,,https://old.nasdaq.com/symbol/nbh,
NBO,Neuberger Berman New York Municipal Fund Inc.,12.38,62858422.46,,2002.0,,,https://old.nasdaq.com/symbol/nbo,
NRO,"Neuberger Berman Real Estate Securities Income Fund, Inc.",5.6,265550152.0,,2003.0,,,https://old.nasdaq.com/symbol/nro,
GBR,"New Concept Energy, Inc",1.5,7697901.0,,,Energy,Oil & Gas Production,https://old.nasdaq.com/symbol/gbr,
NEN,New England Realty Associates Limited Partnership,57.31,210308558.46,,,Consumer Services,Building operators,https://old.nasdaq.com/symbol/nen,
NGD,New Gold Inc.,1.0,672865291.0,,,Basic Industries,Precious Metals,https://old.nasdaq.com/symbol/ngd,
NXE,Nexgen Energy Ltd.,1.27,451880857.73,,,Basic Industries,Precious Metals,https://old.nasdaq.com/symbol/nxe,
NAK,"Northern Dynasty Minerals, Ltd.",0.5587,212802063.0256,,,Basic Industries,Precious Metals,https://old.nasdaq.com/symbol/nak,
NOG,"Northern Oil and Gas, Inc.",1.9,757254178.9,,,Energy,Oil & Gas Production,https://old.nasdaq.com/symbol/nog,
NBY,"NovaBay Pharmaceuticals, Inc.",0.6044,15231998.14,,2007.0,Health Care,Major Pharmaceuticals,https://old.nasdaq.com/symbol/nby,
NG,Novagold Resources Inc.,6.45,2107785141.3,,,Basic Industries,Precious Metals,https://old.nasdaq.com/symbol/ng,
NRCG,NRC Group Holdings Corp.,12.21,464595200.85,,2017.0,Basic Industries,Environmental Services,https://old.nasdaq.com/symbol/nrcg,
NRCG.WS,NRC Group Holdings Corp.,,0.0,,,,,https://old.nasdaq.com/symbol/nrcg.ws,
NTN,"NTN Buzztime, Inc.",3.39,9775837.92,,,Consumer Services,Broadcasting,https://old.nasdaq.com/symbol/ntn,
NES,"Nuverra Environmental Solutions, Inc.",3.96,62207236.08,,2017.0,Energy,Oilfield Services/Equipment,https://old.nasdaq.com/symbol/nes,
OCX,OncoCyte Corporation,1.78,92511637.4,,2015.0,Health Care,Biotechnology: In Vitro & In Vivo Diagnostic Substances,https://old.nasdaq.com/symbol/ocx,
OGEN,Oragenics Inc.,0.441,20341038.123,,,Health Care,Major Pharmaceuticals,https://old.nasdaq.com/symbol/ogen,
PCG^A,Pacific Gas & Electric Co.,26.15,0.0,,,,,https://old.nasdaq.com/symbol/pcg^a,
PCG^B,Pacific Gas & Electric Co.,23.16,0.0,,,,,https://old.nasdaq.com/symbol/pcg^b,
PCG^C,Pacific Gas & Electric Co.,21.75,0.0,,,,,https://old.nasdaq.com/symbol/pcg^c,
PCG^D,Pacific Gas & Electric Co.,20.65,0.0,,,,,https://old.nasdaq.com/symbol/pcg^d,
PCG^E,Pacific Gas & Electric Co.,21.2658,0.0,,,,,https://old.nasdaq.com/symbol/pcg^e,
PCG^G,Pacific Gas & Electric Co.,21.88,0.0,,,,,https://old.nasdaq.com/symbol/pcg^g,
PCG^H,Pacific Gas & Electric Co.,19.075,0.0,,,,,https://old.nasdaq.com/symbol/pcg^h,
PCG^I,Pacific Gas & Electric Co.,19.59,0.0,,,,,https://old.nasdaq.com/symbol/pcg^i,
PTN,"Palatin Technologies, Inc.",0.8629,195912266.3327,,,Health Care,Major Pharmaceuticals,https://old.nasdaq.com/symbol/ptn,
PZG,Paramount Gold Nevada Corp.,0.69,18298768.26,,2015.0,Basic Industries,Precious Metals,https://old.nasdaq.com/symbol/pzg,
PRK,Park National Corporation,93.62,1536642729.92,,,Finance,Major Banks,https://old.nasdaq.com/symbol/prk,
PED,Pedevco Corp.,1.4,75427891.0,,,Energy,Oil & Gas Production,https://old.nasdaq.com/symbol/ped,
PFNX,Pfenex Inc.,8.62,272371243.04,,2014.0,Health Care,Major Pharmaceuticals,https://old.nasdaq.com/symbol/pfnx,
HNW,Pioneer Diversified High Income Trust,14.445,120367151.55,,2007.0,,,https://old.nasdaq.com/symbol/hnw,
PLAG,Planet Green Holdings Corp,3.5613,28055084.4945,,,Consumer Non-Durables,Packaged Foods,https://old.nasdaq.com/symbol/plag,
PLG,Platinum Group Metals Ltd.,1.53,89620954.11,,,Basic Industries,Precious Metals,https://old.nasdaq.com/symbol/plg,
PLYM,"Plymouth Industrial REIT, Inc.",18.49,184092023.98,,2017.0,Consumer Services,Real Estate Investment Trusts,https://old.nasdaq.com/symbol/plym,
PLYM^A,"Plymouth Industrial REIT, Inc.",26.39,0.0,,,,,https://old.nasdaq.com/symbol/plym^a,
PLM,Polymet Mining Corp.,0.3539,355750988.6601,,,Basic Industries,Precious Metals,https://old.nasdaq.com/symbol/plm,
PW,Power REIT,9.82,18392260.98,,,Consumer Services,Real Estate Investment Trusts,https://old.nasdaq.com/symbol/pw,
PW^A,Power REIT,26.75,0.0,,,,,https://old.nasdaq.com/symbol/pw^a,
PLX,"Protalix BioTherapeutics, Inc.",0.1969,29216474.6731,,,Health Care,Biotechnology: Biological Products (No Diagnostic Substances),https://old.nasdaq.com/symbol/plx,
RLGT,"Radiant Logistics, Inc.",5.11,253809055.01,,,Transportation,Oil Refining/Marketing,https://old.nasdaq.com/symbol/rlgt,
RFL,"Rafael Holdings, Inc.",19.5,307698573.0,,2018.0,Finance,Real Estate,https://old.nasdaq.com/symbol/rfl,
UTG,Reaves Utility Income Fund,36.0,1753322004.0,,2004.0,,,https://old.nasdaq.com/symbol/utg,
RHE,"Regional Health Properties, Inc.",1.4701,2481850.7519,,2017.0,Health Care,Hospital/Nursing Management,https://old.nasdaq.com/symbol/rhe,
RHE^A,"Regional Health Properties, Inc.",5.43,0.0,,,,,https://old.nasdaq.com/symbol/rhe^a,
RCG,"RENN Fund, Inc.",1.53,9106491.15,,,,,https://old.nasdaq.com/symbol/rcg,
RVP,"Retractable Technologies, Inc.",1.01,33001703.54,,,Health Care,Medical/Dental Instruments,https://old.nasdaq.com/symbol/rvp,
REI,"Ring Energy, Inc.",1.49,101038555.39,,,Energy,Oil & Gas Production,https://old.nasdaq.com/symbol/rei,
RIF,RMR Real Estate Income Fund,20.41,208223003.69,,,,,https://old.nasdaq.com/symbol/rif,
SACH,Sachem Capital Corp.,4.81,105196850.07,,2017.0,Consumer Services,Real Estate Investment Trusts,https://old.nasdaq.com/symbol/sach,
SCCB,Sachem Capital Corp.,25.9907,0.0,,2019.0,Consumer Services,Real Estate Investment Trusts,https://old.nasdaq.com/symbol/sccb,
SNMP,Sanchez Midstream Partners LP,0.3453,6937017.2631,,,Energy,Oil & Gas Production,https://old.nasdaq.com/symbol/snmp,
SAND          ,Sandstorm Gold Ltd,5.83,1032993598.78,,,Basic Industries,Precious Metals,https://old.nasdaq.com/symbol/sand,
SEB,Seaboard Corporation,4129.26,4811863841.34,,1996.0,Finance,Investment Bankers/Brokers/Service,https://old.nasdaq.com/symbol/seb,
SENS,"Senseonics Holdings, Inc.",0.9128,185451937.52400002,,,Capital Goods,Industrial Machinery/Components,https://old.nasdaq.com/symbol/sens,
SVT,"Servotronics, Inc.",9.89,24623449.48,,,Capital Goods,Industrial Machinery/Components,https://old.nasdaq.com/symbol/svt,
SMTS,Sierra Metals Inc.,1.09,177463594.33,,,Basic Industries,Precious Metals,https://old.nasdaq.com/symbol/smts,
SIF,"SIFCO Industries, Inc.",2.7,15479958.6,,,Capital Goods,Aerospace,https://old.nasdaq.com/symbol/sif,
SVM,Silvercorp Metals Inc.,4.04,696033250.32,,,Basic Industries,Precious Metals,https://old.nasdaq.com/symbol/svm,
SILV,SilverCrest Metals Inc.,5.99,550454733.85,,2018.0,Basic Industries,Precious Metals,https://old.nasdaq.com/symbol/silv,
XPL,Solitario Zinc Corp.,0.2797,16262140.0702,,,Basic Industries,Precious Metals,https://old.nasdaq.com/symbol/xpl,
SCE^B,Southern California Edison Company,20.7,0.0,,,,,https://old.nasdaq.com/symbol/sce^b,
SCE^C,Southern California Edison Company,21.4,0.0,,,,,https://old.nasdaq.com/symbol/sce^c,
SCE^D,Southern California Edison Company,21.784000000000002,0.0,,,,,https://old.nasdaq.com/symbol/sce^d,
SCE^E,Southern California Edison Company,24.48,0.0,,,,,https://old.nasdaq.com/symbol/sce^e,
SGB,Southwest Georgia Financial Corporation,20.15,51297386.4,,,Finance,Major Banks,https://old.nasdaq.com/symbol/sgb,
LOV,"Spark Networks, Inc.",5.47,71044195.9,,2017.0,Consumer Services,Other Consumer Services,https://old.nasdaq.com/symbol/lov,
SRCI,SRC Energy Inc.,4.11,1000788604.47,,,Energy,Oil & Gas Production,https://old.nasdaq.com/symbol/srci,
SDI,Standard Diversified Inc.,10.48,176454945.92,,,Consumer Non-Durables,Tobacco,https://old.nasdaq.com/symbol/sdi,
STXS,"Stereotaxis, Inc.",3.22,191338167.02,,,Health Care,Biotechnology: Electromedical & Electrotherapeutic Apparatus,https://old.nasdaq.com/symbol/stxs,
SSY,"SunLink Health Systems, Inc.",1.1096,7752614.307999999,,,Health Care,Hospital/Nursing Management,https://old.nasdaq.com/symbol/ssy,
SDPI,"Superior Drilling Products, Inc.",0.888,22286802.0,,2014.0,Energy,Metal Fabrications,https://old.nasdaq.com/symbol/sdpi,
SYN,"Synthetic Biologics, Inc",0.4102,6893997.586,,,Health Care,Major Pharmaceuticals,https://old.nasdaq.com/symbol/syn,
TKAT,"Takung Art Co., Ltd.",0.52,5852667.08,,,Consumer Services,Other Specialty Stores,https://old.nasdaq.com/symbol/tkat,
TALO.WS,"Talos Energy, Inc.",,0.0,,,,,https://old.nasdaq.com/symbol/talo.ws,
TRX,Tanzanian Gold Corporation,0.7975,118657049.5275,,,Basic Industries,Precious Metals,https://old.nasdaq.com/symbol/trx,
TGB,Taseko Mines Limited,0.4,98477687.6,,,Basic Industries,Precious Metals,https://old.nasdaq.com/symbol/tgb,
TGC,"Tengasco, Inc.",0.5806,6185451.13,,,Energy,Oil & Gas Production,https://old.nasdaq.com/symbol/tgc,
GLU,The Gabelli Global Utility and Income Trust,18.37,98634518.62,,2004.0,,,https://old.nasdaq.com/symbol/glu,
GLU^A,The Gabelli Global Utility and Income Trust,46.5,0.0,,,,,https://old.nasdaq.com/symbol/glu^a,
GLU^B,The Gabelli Global Utility and Income Trust,52.0,0.0,,,,,https://old.nasdaq.com/symbol/glu^b,
GGO,The Gabelli Go Anywhere Trust,14.71,23722110.92,,2016.0,,,https://old.nasdaq.com/symbol/ggo,
GGO^A,The Gabelli Go Anywhere Trust,40.7,0.0,,,,,https://old.nasdaq.com/symbol/ggo^a,
TDW.WS,Tidewater Inc.,,0.0,,,,,https://old.nasdaq.com/symbol/tdw.ws,
TMP,Tompkins Financial Corporation,79.94,1206948908.9,,,Finance,Major Banks,https://old.nasdaq.com/symbol/tmp,
TAT,Transatlantic Petroleum Ltd,0.5935,32668930.929,,,Energy,Oil & Gas Production,https://old.nasdaq.com/symbol/tat,
TRXC,"TransEnterix, Inc.",0.4651,105876314.6644,,,Health Care,Medical/Dental Instruments,https://old.nasdaq.com/symbol/trxc,
TMQ,Trilogy Metals Inc.,1.56,216691951.32,,,Basic Industries,Precious Metals,https://old.nasdaq.com/symbol/tmq,
TPHS,Trinity Place Holdings Inc.,4.01,127936575.83,,,Consumer Services,Building operators,https://old.nasdaq.com/symbol/tphs,
TRT,Trio-Tech International,3.56,13076075.8,,,Technology,Industrial Machinery/Components,https://old.nasdaq.com/symbol/trt,
UFAB,"Unique Fabricating, Inc.",2.85,27870568.95,,2015.0,Capital Goods,Auto Parts:O.E.M.,https://old.nasdaq.com/symbol/ufab,
UAMY,United States Antimony Corporation,0.53,36441397.62,,,Capital Goods,Metal Fabrications,https://old.nasdaq.com/symbol/uamy,
UUU,"Universal Security Instruments, Inc.",0.82,1896567.34,,,Technology,Electronic Components,https://old.nasdaq.com/symbol/uuu,
URG,Ur Energy Inc,0.6145,98287815.5625,,,Basic Industries,Precious Metals,https://old.nasdaq.com/symbol/urg,
UEC,Uranium Energy Corp.,0.9873,178952290.4187,,,Basic Industries,Precious Metals,https://old.nasdaq.com/symbol/uec,
VHC,VirnetX Holding Corp,5.96,410917498.44,,,Miscellaneous,Multi-Sector Companies,https://old.nasdaq.com/symbol/vhc,
VGZ,Vista Gold Corporation,0.8190000000000001,82340246.079,,,Basic Industries,Precious Metals,https://old.nasdaq.com/symbol/vgz,
VNRX,VolitionRX Limited,5.6,230103176.8,,2015.0,Health Care,Biotechnology: In Vitro & In Vivo Diagnostic Substances,https://old.nasdaq.com/symbol/vnrx,
VOLT,"Volt Information Sciences, Inc.",3.01,64311994.11,,,Technology,Professional Services,https://old.nasdaq.com/symbol/volt,
EAD,Wells Fargo Income Opportunities Fund,8.18,515961246.46,,2003.0,,,https://old.nasdaq.com/symbol/ead,
ERC,Wells Fargo Multi-Sector Income Fund,12.29,377500205.34,,2003.0,,,https://old.nasdaq.com/symbol/erc,
ERH,Wells Fargo Utilities and High Income Fund,13.4,124042165.2,,2004.0,,,https://old.nasdaq.com/symbol/erh,
WRN,Western Copper and Gold Corporation,0.6299,67768422.0299,,2011.0,Basic Industries,Precious Metals,https://old.nasdaq.com/symbol/wrn,
WYY,WidePoint Corporation,0.326,27636710.636,,,Technology,EDP Services,https://old.nasdaq.com/symbol/wyy,
WTT,"Wireless Telecom Group,  Inc.",1.35,28755340.2,,,Capital Goods,Electrical Products,https://old.nasdaq.com/symbol/wtt,
XTNT,"Xtant Medical Holdings, Inc.",2.8,36852933.6,,,Health Care,Biotechnology: Biological Products (No Diagnostic Substances),https://old.nasdaq.com/symbol/xtnt,
YUMA,"Yuma Energy, Inc.",2.97,4609407.33,,,Energy,Oil & Gas Production,https://old.nasdaq.com/symbol/yuma,
ZDGE,"Zedge, Inc.",1.83,18952830.54,,2016.0,Technology,Computer Software: Prepackaged Software,https://old.nasdaq.com/symbol/zdge,
ZOM,Zomedica Pharmaceuticals Corp.,0.3152,34053703.0496,,2017.0,Health Care,Major Pharmaceuticals,https://old.nasdaq.com/symbol/zom,
